TF,Target
STAT1,ANKS1A
STAT1,APBA1
STAT1,ARF3
STAT1,ARHGAP8
STAT1,ARPC1A
STAT1,ASXL1
STAT1,BCL6
STAT1,BRD2
STAT1,BTBD1
STAT1,LIX1
STAT1,GOLT1B
STAT1,CISH
STAT1,CCDC85B
STAT1,DRC7
STAT1,EIF2B4
STAT1,FBXO8
STAT1,VPS53
STAT1,CPSF7
STAT1,SDHAF2
STAT1,ZNF446
STAT1,GEN1
STAT1,GABPB2
STAT1,GABRA1
STAT1,GREM1
STAT1,POLR2M
STAT1,GSK3A
STAT1,HNRNPR
STAT1,JAK3
STAT1,CEP164
STAT1,CEP44
STAT1,LIN28A
STAT1,IFTAP
STAT1,CREBRF
STAT1,TPI1P2
STAT1,TMEM95
STAT1,LRP5
STAT1,IFT43
STAT1,MUC1
STAT1,PARN
STAT1,PASK
STAT1,PCDH1
STAT1,PPP1R7
STAT1,PTHLH
STAT1,RAB10
STAT1,RELA
STAT1,SCAMP3
STAT1,SDC1
STAT1,SEC14L2
STAT1,SERPING1
STAT1,SET
STAT1,SLC38A5
STAT1,SLC6A14
STAT1,SMC6
STAT1,SNCB
STAT1,SSBP4
STAT1,STX12
STAT1,TCEA2
STAT1,TCEAL1
STAT1,TDG
STAT1,CD40LG
STAT1,TNIP2
STAT1,TNPO3
STAT1,TRAF4
STAT1,TXN2
STAT1,UBR1
STAT1,NSD3
STAT1,WNT10A
STAT1,ZFPM1
STAT1,ZNF235
STAT1,ADAM22
STAT1,COQ8B
STAT1,AGL
STAT1,APBA3
STAT1,ARHGAP9
STAT1,ARHGEF15
STAT1,ARPC1B
STAT1,CHMP2A
STAT1,BCLAF1
STAT1,BDNF
STAT1,BET1
STAT1,WBP1L
STAT1,CSRNP2
STAT1,GPATCH2L
STAT1,C4BPA
STAT1,AKIRIN2
STAT1,LINC00474
STAT1,PLPP7
STAT1,RMI1
STAT1,CAP1
STAT1,CASK
STAT1,CBX3
STAT1,CCND1
STAT1,CCNI
STAT1,CCR4
STAT1,CD9
STAT1,CDK6
STAT1,ADAP2
STAT1,TMED5
STAT1,METTL25B
STAT1,CHRM1
STAT1,CKS1B
STAT1,NUDCD1
STAT1,CNKSR2
STAT1,CNTN6
STAT1,ENOX2
STAT1,COX7B
STAT1,COX8A
STAT1,CPT2
STAT1,CRK
STAT1,CS
STAT1,CSNK1A1
STAT1,TMEM187
STAT1,DDOST
STAT1,DDX25
STAT1,DDX47
STAT1,DHH
STAT1,POC1A
STAT1,CTTNBP2NL
STAT1,NOC2L
STAT1,DLL1
STAT1,DLX1
STAT1,DNAJA2
STAT1,DNAJC5G
STAT1,DTX2
STAT1,E2F3
STAT1,EIF2S3
STAT1,EIF4G1
STAT1,ELAVL2
STAT1,EP300
STAT1,EPHA1
STAT1,EPHB2
STAT1,ERF
STAT1,ERG
STAT1,PCYT2
STAT1,EXTL3
STAT1,FAM20B
STAT1,CALHM1
STAT1,SKA2
STAT1,FBRS
STAT1,FBXO11
STAT1,FEM1A
STAT1,PUS3
STAT1,PRPF38B
STAT1,RNF220
STAT1,INTS9
STAT1,PRR11
STAT1,MINDY1
STAT1,ISG20L2
STAT1,ARMCX6
STAT1,SIKE1
STAT1,HMBOX1
STAT1,ZFP2
STAT1,INTS3
STAT1,CAMKMT
STAT1,ZNF420
STAT1,LINC00955
STAT1,FOXA3
STAT1,FOXG1
STAT1,ZBTB41
STAT1,FTSJ1
STAT1,GATA3
STAT1,GDF7
STAT1,GFI1
STAT1,GLA
STAT1,GNAI3
STAT1,GRIA1
STAT1,GRIN2B
STAT1,GSPT1
STAT1,H1-0
STAT1,HDAC9
STAT1,HHEX
STAT1,HIVEP3
STAT1,HNRNPA2B1
STAT1,HNRNPH2
STAT1,HNRNPK
STAT1,HOXB2
STAT1,HOXB6
STAT1,HOXC4
STAT1,HSD17B4
STAT1,CTDSPL2
STAT1,BABAM1
STAT1,HSPD1
STAT1,HSPE1
STAT1,GNL2
STAT1,IL23A
STAT1,PATJ
STAT1,ITM2C
STAT1,ITPKC
STAT1,PRAF2
STAT1,AJUBA
STAT1,PREPL
STAT1,SZT2
STAT1,ZNFX1
STAT1,UHMK1
STAT1,KLK9
STAT1,SH2B3
STAT1,KLHL17
STAT1,TMCO1
STAT1,MTFR1L
STAT1,ALKBH8
STAT1,SHKBP1
STAT1,LRFN4
STAT1,LZIC
STAT1,MAP3K8
STAT1,MARS1
STAT1,MON1A
STAT1,PCED1B
STAT1,MID2
STAT1,CAB39
STAT1,MORF4L2
STAT1,MPI
STAT1,MRPL34
STAT1,MRPL50
STAT1,MRPL54
STAT1,MTF1
STAT1,LRRC41
STAT1,MYH10
STAT1,NASP
STAT1,NDP
STAT1,NKX2-8
STAT1,NMNAT1
STAT1,NR6A1
STAT1,NRAS
STAT1,NTRK3
STAT1,NUCB1
STAT1,NXPH4
STAT1,ODF1
STAT1,OR1A1
STAT1,PRTN3
STAT1,PABPN1
STAT1,PAX6
STAT1,PCDHGB5
STAT1,PCF11
STAT1,DDA1
STAT1,MED15
STAT1,PDE4D
STAT1,PDE6D
STAT1,JADE2
STAT1,PIGC
STAT1,PIK3CD
STAT1,PI4KB
STAT1,PLAC1
STAT1,POGZ
STAT1,POLR1B
STAT1,PPP2CB
STAT1,PPP2R2C
STAT1,PRKACA
STAT1,PRKACB
STAT1,PRPF19
STAT1,PSMC3
STAT1,PYY
STAT1,MICOS13
STAT1,RAB2A
STAT1,RAB8B
STAT1,UBR4
STAT1,NRGN
STAT1,RCOR2
STAT1,RDH11
STAT1,RGS17
STAT1,MEX3B
STAT1,RPL28
STAT1,LYSMD1
STAT1,HSD11B1L
STAT1,SCNM1
STAT1,ENTR1
STAT1,SDHC
STAT1,SEMA4B
STAT1,SF3B4
STAT1,SREK1
STAT1,SRSF2
STAT1,SRSF4
STAT1,SHC1
STAT1,SKP2
STAT1,SLC30A3
STAT1,SLC9A1
STAT1,SLITRK3
STAT1,SMPD3
STAT1,SNX17
STAT1,SNX9
STAT1,SOX4
STAT1,SPTLC2
STAT1,STC1
STAT1,STX16
STAT1,STX6
STAT1,SYMPK
STAT1,SYNE1
STAT1,TCERG1
STAT1,TIMM17A
STAT1,TJAP1
STAT1,TLK2
STAT1,TXNDC12
STAT1,GFUS
STAT1,TTC1
STAT1,UBE2N
STAT1,UBL3
STAT1,UFC1
STAT1,AMTN
STAT1,UQCRH
STAT1,USF1
STAT1,VAX1
STAT1,VGF
STAT1,DCAF1
STAT1,VPS41
STAT1,WWOX
STAT1,ZAP70
STAT1,ZMPSTE24
STAT1,VEZF1
STAT1,ZNF189
STAT1,ZRANB2
STAT1,ZSCAN20
STAT1,ZNF385A
STAT1,ZNF471
STAT1,ZNF546
STAT1,ZNF568
STAT1,ZNF569
STAT1,ZNF570
STAT1,ZNF571
STAT1,ZNF582
STAT1,IKZF4
STAT1,AFP
STAT1,APPL1
STAT1,BRCA1
STAT1,ZCCHC24
STAT1,MIR17HG
STAT1,CHD4
STAT1,CLDN5
STAT1,COL16A1
STAT1,BRINP3
STAT1,DDR1
STAT1,DMD
STAT1,DOCK3
STAT1,EGF
STAT1,ELOVL6
STAT1,EN1
STAT1,FBXW11
STAT1,INO80D
STAT1,DIP2B
STAT1,MIR137HG
STAT1,GADD45B
STAT1,GALK2
STAT1,GALR3
STAT1,GNB3
STAT1,GNG4
STAT1,GRIK1
STAT1,GRK5
STAT1,OLFM4
STAT1,ARMC8
STAT1,IGFALS
STAT1,IRF1
STAT1,ARL6IP5
STAT1,RTL9
STAT1,ARL4C
STAT1,FITM1
STAT1,MAG
STAT1,NFKBIZ
STAT1,RBM4B
STAT1,EHBP1
STAT1,NBR2
STAT1,NCOA3
STAT1,NHLH2
STAT1,NLK
STAT1,NRG1
STAT1,PLCB2
STAT1,POMC
STAT1,PPP1R9B
STAT1,RAPH1
STAT1,RHOG
STAT1,RPS27
STAT1,SALL1
STAT1,SCN2B
STAT1,SIN3A
STAT1,SLAMF1
STAT1,SLC26A10P
STAT1,SMARCA1
STAT1,SYT6
STAT1,TBX5
STAT1,USP2
STAT1,VCAM1
STAT1,LYVE1
STAT1,ZNRF1
FOXO1,RBFOX1
FOXO1,ABLIM3
FOXO1,AKT1S1
FOXO1,ANKRD28
FOXO1,AP4M1
FOXO1,APOA2
FOXO1,ARID4A
FOXO1,ASB7
FOXO1,ASXL1
FOXO1,ATF7IP
FOXO1,AXIN2
FOXO1,BCL11B
FOXO1,BDNF
FOXO1,PHF21A
FOXO1,ARFGEF1
FOXO1,BIN1
FOXO1,BMF
FOXO1,BMI1
FOXO1,BUB3
FOXO1,WBP1L
FOXO1,ARK2N
FOXO1,C1QTNF3
FOXO1,FAM110A
FOXO1,WDR46
FOXO1,OARD1
FOXO1,NPVF
FOXO1,CADPS
FOXO1,CBFA2T2
FOXO1,CCND1
FOXO1,CCNG2
FOXO1,CDKN1C
FOXO1,CHCHD7
FOXO1,CHD1
FOXO1,FOXN3
FOXO1,KCNJ5
FOXO1,CLDN2
FOXO1,CNNM3
FOXO1,CRB1
FOXO1,CREM
FOXO1,CRH
FOXO1,CSAD
FOXO1,CSNK1G3
FOXO1,CXXC5
FOXO1,CCN1
FOXO1,DDIT4
FOXO1,DDX17
FOXO1,DEDD
FOXO1,PREX2
FOXO1,WIPI2
FOXO1,SLC10A7
FOXO1,DLX1
FOXO1,DMD
FOXO1,DTNA
FOXO1,DUSP1
FOXO1,EFEMP1
FOXO1,EIF4EBP2
FOXO1,ELAVL2
FOXO1,ELOVL6
FOXO1,EML1
FOXO1,EMP1
FOXO1,EPHB1
FOXO1,EPHB3
FOXO1,ESRRG
FOXO1,ETV1
FOXO1,ETV5
FOXO1,EXT1
FOXO1,EZH1
FOXO1,FGF12
FOXO1,FGF14
FOXO1,FGF9
FOXO1,HMCN1
FOXO1,GPR174
FOXO1,ZNF654
FOXO1,ZMAT4
FOXO1,PRPF38A
FOXO1,PTCHD1
FOXO1,C12orf50
FOXO1,CCDC89
FOXO1,C2orf69
FOXO1,PTCHD4
FOXO1,LINC00173
FOXO1,FOXO1
FOXO1,FOXP2
FOXO1,FST
FOXO1,FSTL1
FOXO1,GATA6
FOXO1,GFRA1
FOXO1,HCAR2
FOXO1,HCAR3
FOXO1,ADGRF1
FOXO1,GPR18
FOXO1,GPR63
FOXO1,GPRC5C
FOXO1,GRB7
FOXO1,GRIK3
FOXO1,GTF2B
FOXO1,H2AZ2
FOXO1,H2AX
FOXO1,H3-3B
FOXO1,HBP1
FOXO1,HESX1
FOXO1,HHEX
FOXO1,HIPK1
FOXO1,HTN1
FOXO1,PFDN6
FOXO1,NSG2
FOXO1,HOXA11
FOXO1,HOXA3
FOXO1,HOXB4
FOXO1,HOXB8
FOXO1,HOXC4
FOXO1,HSPB2
FOXO1,IGSF1
FOXO1,IL25
FOXO1,IL1RAPL1
FOXO1,IMPDH2
FOXO1,INHBA
FOXO1,IRS4
FOXO1,ITPR3
FOXO1,KDM3A
FOXO1,KLHL40
FOXO1,KCNJ15
FOXO1,KCNN1
FOXO1,FAM53B
FOXO1,RTL9
FOXO1,KLF12
FOXO1,KLHDC2
FOXO1,KRT85
FOXO1,LAG3
FOXO1,LASP1
FOXO1,LCP2
FOXO1,LHX1
FOXO1,LHX5
FOXO1,LMO3
FOXO1,LMO4
FOXO1,SZT2
FOXO1,CREBRF
FOXO1,SIAH3
FOXO1,SLC25A34
FOXO1,IER5L
FOXO1,TMEM88
FOXO1,ADGRL2
FOXO1,LRRC1
FOXO1,MCM7
FOXO1,MED8
FOXO1,MXRA8
FOXO1,ATXN7L1
FOXO1,NIM1K
FOXO1,CIMAP1C
FOXO1,MGLL
FOXO1,MITF
FOXO1,KMT2E
FOXO1,NDRG1
FOXO1,NF1
FOXO1,NFIB
FOXO1,NFIX
FOXO1,NFYA
FOXO1,C1orf43
FOXO1,NKX2-2
FOXO1,NMNAT2
FOXO1,NNT
FOXO1,NR2C2
FOXO1,NR4A2
FOXO1,NRG1
FOXO1,NTRK3
FOXO1,TPD52L3
FOXO1,LUC7L3
FOXO1,OLIG3
FOXO1,OPA3
FOXO1,ORC1
FOXO1,OSR1
FOXO1,PALM
FOXO1,PAPPA
FOXO1,PDCD4
FOXO1,PHACTR3
FOXO1,PITX2
FOXO1,PLAG1
FOXO1,PLCB2
FOXO1,PLXDC2
FOXO1,PMCH
FOXO1,POU3F2
FOXO1,POU3F4
FOXO1,PPP1CB
FOXO1,PRDM1
FOXO1,PROX1
FOXO1,PTPRD
FOXO1,PURA
FOXO1,RASGEF1B
FOXO1,TRIM63
FOXO1,RUNX1
FOXO1,SALL3
FOXO1,SCML1
FOXO1,SCRN3
FOXO1,SCUBE3
FOXO1,SDK2
FOXO1,TSPYL2
FOXO1,SEMA4G
FOXO1,SEMA6D
FOXO1,SESN3
FOXO1,SREK1
FOXO1,SH3BP5
FOXO1,SH3GL3
FOXO1,SLC25A28
FOXO1,SLC26A2
FOXO1,SLC26A7
FOXO1,SLC38A2
FOXO1,SLITRK5
FOXO1,SLITRK6
FOXO1,SMAD1
FOXO1,SNCAIP
FOXO1,SOX2
FOXO1,SPAG9
FOXO1,SSBP3
FOXO1,STOML3
FOXO1,SYT16
FOXO1,SYT6
FOXO1,CSRNP3
FOXO1,TAS2R39
FOXO1,TAFAZZIN
FOXO1,TBC1D17
FOXO1,TBCC
FOXO1,TBX4
FOXO1,ELOA2
FOXO1,TDRD5
FOXO1,THRA
FOXO1,CRTC2
FOXO1,TRIM8
FOXO1,TSC1
FOXO1,UBE2H
FOXO1,UBL3
FOXO1,NRN1L
FOXO1,USP3
FOXO1,KDM6A
FOXO1,WBP4
FOXO1,WFIKKN2
FOXO1,NSD3
FOXO1,LINS1
FOXO1,YTHDF3
FOXO1,OTUD7B
FOXO1,PTGR3
FOXO1,ZEB2
FOXO1,ZFYVE1
FOXO1,ZBTB16
FOXO1,ZBTB18
FOXO1,ZBTB22
FOXO1,ZNF366
FOXO1,ZNF385B
FOXO1,IKZF2
CREB1,ABCE1
CREB1,ADCY8
CREB1,ADNP
CREB1,AFF4
CREB1,AHI1
CREB1,ALS2
CREB1,ANAPC10
CREB1,RIPK4
CREB1,ATG5
CREB1,APPBP2
CREB1,AREG
CREB1,ARL4D
CREB1,ARIH1
CREB1,ATL2
CREB1,ATF3
CREB1,ATP6V0C
CREB1,AVPI1
CREB1,ABHD16A
CREB1,CHMP2A
CREB1,BNIP3L
CREB1,BRAF
CREB1,BABAM2
CREB1,CFAP68
CREB1,NUBPL
CREB1,IRF2BPL
CREB1,GLOD4
CREB1,TMEM59L
CREB1,C1orf35
CREB1,TBC1D32
CREB1,CALM2
CREB1,CAMK2D
CREB1,CBX8
CREB1,KYAT1
CREB1,CCNA2
CREB1,CD2AP
CREB1,CDC42
CREB1,CDS1
CREB1,CDX4
CREB1,CENPE
CREB1,ADAP1
CREB1,SIDT2
CREB1,CHGB
CREB1,CHMP1B
CREB1,CHPF
CREB1,SARNP
CREB1,CLDN6
CREB1,CLDN7
CREB1,CLSTN3
CREB1,CREM
CREB1,CRH
CREB1,CXCL16
CREB1,CYLD
CREB1,DAAM2
CREB1,DCTN1
CREB1,DDX28
CREB1,DDX51
CREB1,DEPDC4
CREB1,DGUOK
CREB1,DHX36
CREB1,DIO2
CREB1,INTS7
CREB1,GPBP1
CREB1,SGIP1
CREB1,DNTTIP1
CREB1,CDK2AP2
CREB1,RCAN1
CREB1,DUSP1
CREB1,EEF2
CREB1,ELAVL1
CREB1,ELL2
CREB1,ELOVL5
CREB1,EPB41
CREB1,EPHA2
CREB1,FGF6
CREB1,MRM3
CREB1,TMEM39A
CREB1,DDX19A
CREB1,AKIRIN1
CREB1,VPS37B
CREB1,RIPOR1
CREB1,ZC3H10
CREB1,DUS2
CREB1,CTC1
CREB1,HDX
CREB1,KICS2
CREB1,RUSC1-AS1
CREB1,ZNF516-DT
CREB1,FLT1
CREB1,FOSB
CREB1,FOXD3
CREB1,G3BP2
CREB1,RALGAPA1P1
CREB1,GEM
CREB1,GLI1
CREB1,GNB4
CREB1,GNL1
CREB1,GPM6B
CREB1,GPR3
CREB1,LGR5
CREB1,GTF3C1
CREB1,HAS1
CREB1,HHIP
CREB1,H4C5
CREB1,HOXC10
CREB1,HS3ST2
CREB1,HS3ST3A1
CREB1,HSP90AB1
CREB1,ID1
CREB1,IKBKB
CREB1,ING4
CREB1,IRX4
CREB1,IRX6
CREB1,JUND
CREB1,KCNA5
CREB1,KCNF1
CREB1,KCTD8
CREB1,TSC22D2
CREB1,ADNP2
CREB1,ZNF687
CREB1,LDHA
CREB1,CNTROB
CREB1,LMCD1
CREB1,ZFAND2B
CREB1,CCDC148
CREB1,SRRM4
CREB1,ASPHD1
CREB1,C11orf87
CREB1,XPNPEP3
CREB1,IFT20
CREB1,MMGT1
CREB1,LTBP1
CREB1,MAF
CREB1,MAFF
CREB1,MAOA
CREB1,MAP1LC3A
CREB1,MAP3K13
CREB1,MAPK10
CREB1,MBIP
CREB1,MBNL2
CREB1,MCAM
CREB1,FAM131A
CREB1,ZBTB37
CREB1,PACRGL
CREB1,TMUB2
CREB1,NOC4L
CREB1,TIPRL
CREB1,CMSS1
CREB1,TUBB2B
CREB1,MITF
CREB1,MLF2
CREB1,MRGPRF
CREB1,MRRF
CREB1,MYL6
CREB1,NCALD
CREB1,NDUFA10
CREB1,NDUFB2
CREB1,NEUROD6
CREB1,NF1
CREB1,TMEM147
CREB1,NOL4
CREB1,NR2E1
CREB1,NR4A2
CREB1,NUP214
CREB1,NUP98
CREB1,NUP42
CREB1,OGDH
CREB1,CYSTM1
CREB1,ORMDL2
CREB1,OSBPL9
CREB1,OSR1
CREB1,RPRD1A
CREB1,PAFAH1B1
CREB1,PAK1
CREB1,PARD6A
CREB1,PCSK1
CREB1,PDLIM3
CREB1,PEG3
CREB1,PER1
CREB1,PFAS
CREB1,PHACTR3
CREB1,PITX2
CREB1,PKP4
CREB1,PLCD3
CREB1,PLK4
CREB1,PNMA3
CREB1,PNMA6A
CREB1,PNRC1
CREB1,PPARGC1A
CREB1,PPM1A
CREB1,PDP1
CREB1,PPP1R15A
CREB1,PPP2R2A
CREB1,PRR3
CREB1,TAOK2
CREB1,PTPRU
CREB1,PRELID1
CREB1,RAB24
CREB1,RAB25
CREB1,RAB6A
CREB1,RAD51C
CREB1,RAI1
CREB1,ZMYM2
CREB1,DNAJC27
CREB1,RBKS
CREB1,RBM18
CREB1,RBMS2
CREB1,RBP5
CREB1,RCE1
CREB1,RELB
CREB1,RNF44
CREB1,RNF7
CREB1,RUNDC3A
CREB1,RPL41
CREB1,RPS29
CREB1,RUSC1
CREB1,SCAMP5
CREB1,SCG2
CREB1,SDHB
CREB1,SEMA4C
CREB1,SENP2
CREB1,SLC18A2
CREB1,SLC25A25
CREB1,SLC35F5
CREB1,SLC38A1
CREB1,SNAP25
CREB1,SIK1
CREB1,SPAG9
CREB1,SPATA7
CREB1,SREBF2
CREB1,SST
CREB1,ST13
CREB1,STAT3
CREB1,SULT4A1
CREB1,SUV39H2
CREB1,SYNGR3
CREB1,SYT11
CREB1,TEX14
CREB1,TGIF2
CREB1,TH
CREB1,THADA
CREB1,THOC1
CREB1,TSPAN7
CREB1,TNFAIP1
CREB1,TP53INP2
CREB1,TRAF4
CREB1,TRAP1
CREB1,UBE2H
CREB1,UCN
CREB1,UMPS
CREB1,FAM174A
CREB1,USP48
CREB1,VGF
CREB1,WFDC3
CREB1,CCN4
CREB1,WNT10A
CREB1,XRN2
CREB1,YTHDC2
CREB1,YWHAZ
CREB1,ZBTB11
CREB1,ZFYVE27
CREB1,ZIM2
CREB1,ZMYND15
CREB1,ZNF184
CREB1,ZBTB21
CREB1,ZNF335
CREB1,ZNF367
CREB1,ZNF576
CREB1,ZNF593
CREB1,AGPAT1
CREB1,AHR
CREB1,ANAPC2
CREB1,ARMCX1
CREB1,ARTN
CREB1,MAGI1
CREB1,BIN3
CREB1,BRMS1
CREB1,TIGAR
CREB1,ODR4
CREB1,SUCO
CREB1,TSHZ2
CREB1,PCIF1
CREB1,LYPD3
CREB1,C5orf15
CREB1,ILRUN
CREB1,CENPQ
CREB1,LMBRD1
CREB1,ERLIN2
CREB1,AOPEP
CREB1,CBLL1
CREB1,CCNI
CREB1,CDC14B
CREB1,PHF20L1
CREB1,CHD2
CREB1,CNOT7
CREB1,MED27
CREB1,CTNND2
CREB1,DAD1
CREB1,DHX40
CREB1,DLST
CREB1,EIF5A
CREB1,ERC1
CREB1,ERF
CREB1,EVX1
CREB1,FBXL19
CREB1,FBXL2
CREB1,FDXR
CREB1,UBA6
CREB1,ZGRF1
CREB1,NOL10
CREB1,CORO6
CREB1,QRICH1
CREB1,ARMCX6
CREB1,VPS37A
CREB1,SAMD12
CREB1,TMEM86A
CREB1,GRM3
CREB1,GSC
CREB1,GTF2A1
CREB1,GTF2H1
CREB1,HDAC6
CREB1,HTN1
CREB1,HMGB1
CREB1,HNRNPAB
CREB1,HPS5
CREB1,FMC1
CREB1,IL1RAPL1
CREB1,ISCU
CREB1,IVNS1ABP
CREB1,JADE1
CREB1,KDELR1
CREB1,KDELR2
CREB1,KDELR3
CREB1,KLHL12
CREB1,KPTN
CREB1,LHX5
CREB1,ZC3H18
CREB1,LAYN
CREB1,GTPBP10
CREB1,SHKBP1
CREB1,MDN1
CREB1,TLNRD1
CREB1,KXD1
CREB1,BOD1L2
CREB1,MMUT
CREB1,GLYR1
CREB1,NAPA
CREB1,ICE2
CREB1,NINJ1
CREB1,NKX6-1
CREB1,NR4A3
CREB1,CEP83
CREB1,OSBP
CREB1,PAK3
CREB1,PCSK2
CREB1,PELP1
CREB1,JADE2
CREB1,PHF8
CREB1,POLB
CREB1,POLDIP3
CREB1,PRICKLE2
CREB1,PRKCH
CREB1,PTPN23
CREB1,RAB2A
CREB1,DENND5A
CREB1,RBBP8
CREB1,RFC1
CREB1,TRMT10A
CREB1,RING1
CREB1,RNF166
CREB1,RNF40
CREB1,RNF5
CREB1,SART3
CREB1,SCFD2
CREB1,SEC24D
CREB1,SEMA3B
CREB1,SRSF1
CREB1,SHANK2
CREB1,SLC20A2
CREB1,SLC30A5
CREB1,SLC35E1
CREB1,SMARCA5
CREB1,SMARCAD1
CREB1,SMARCD1
CREB1,SMS
CREB1,SNAPC5
CREB1,SNRPG
CREB1,SOX12
CREB1,SPRED2
CREB1,SRP54
CREB1,SSBP3
CREB1,SSNA1
CREB1,SSTR3
CREB1,TAGLN2
CREB1,PTGES3
CREB1,TPR
CREB1,TPT1
CREB1,TRAPPC1
CREB1,UBE2D3
CREB1,USP36
CREB1,VAMP2
CREB1,TCEAL9
CREB1,XPNPEP1
CREB1,XPR1
CREB1,YTHDF3
CREB1,ZFY
CREB1,ZFAND5
CREB1,ZNF23
SP1,ASIC1
SP1,ACLY
SP1,ADAM10
SP1,MLLT11
SP1,AFF4
SP1,ALOX12
SP1,ANKMY2
SP1,KANK2
SP1,ZBTB8OS
SP1,ARFIP1
SP1,ARHGEF19
SP1,ARID1A
SP1,ARL3
SP1,ARPC4
SP1,ASCL2
SP1,B4GALT2
SP1,BAHD1
SP1,BCL11B
SP1,BCL2
SP1,BCL3
SP1,BCL6
SP1,BCL6B
SP1,BCL9L
SP1,BDNF
SP1,PHF21A
SP1,BHLHE41
SP1,BRMS1L
SP1,BZW2
SP1,CSRNP2
SP1,SMG6
SP1,ODR4
SP1,UNC80
SP1,ATAT1
SP1,PRICKLE4
SP1,CAMKK1
SP1,CASQ1
SP1,CCNE1
SP1,SLC44A1
SP1,CEBPE
SP1,ARAP1
SP1,UTP18
SP1,CHD6
SP1,CITED2
SP1,CLPTM1
SP1,CLSTN1
SP1,COL12A1
SP1,COL13A1
SP1,CRYAB
SP1,CYP26B1
SP1,CHST14
SP1,DACH1
SP1,DES
SP1,DLL4
SP1,DNAH9
SP1,DNM3
SP1,DNMT3A
SP1,DPAGT1
SP1,ECE1
SP1,EDA
SP1,EDN3
SP1,EGLN2
SP1,EIF5A
SP1,EPN2
SP1,EPS15
SP1,FAF1
SP1,PLEKHA8
SP1,FBRS
SP1,KDM2A
SP1,FBXL19
SP1,FEV
SP1,FKBP14
SP1,UBE2Z
SP1,ZNF703
SP1,PIGV
SP1,C1orf54
SP1,YRDC
SP1,ZNF516-DT
SP1,C1orf122
SP1,PUSL1
SP1,FRS3
SP1,FXR2
SP1,GABARAP
SP1,GAD1
SP1,GALE
SP1,GAP43
SP1,GBF1
SP1,GFRA1
SP1,GGA1
SP1,GGN
SP1,GJB6
SP1,GLI1
SP1,GMIP
SP1,GPR3
SP1,GRIN2A
SP1,GRIPAP1
SP1,GSC
SP1,LARGE2
SP1,HMGA1
SP1,HMGN2
SP1,HNRNPA2B1
SP1,HNRNPUL1
SP1,HOXA3
SP1,HPN
SP1,HS2ST1
SP1,HSPB2
SP1,HYAL2
SP1,IDH3G
SP1,CADM1
SP1,CADM2
SP1,INCA1
SP1,ING2
SP1,IRF2BP1
SP1,KDM3A
SP1,KCND1
SP1,KCND2
SP1,KCNE5
SP1,KCNMA1
SP1,KCNQ4
SP1,KIF1C
SP1,KLF16
SP1,KLK8
SP1,KPNB1
SP1,PPP1R21
SP1,PDIK1L
SP1,FBXL19-AS1
SP1,DPY30
SP1,LRP1
SP1,LRRC4
SP1,LRRC8D
SP1,MAGED1
SP1,MAGED2
SP1,MAP3K6
SP1,MECOM
SP1,ZNF414
SP1,MARCKSL1
SP1,MN1
SP1,MNT
SP1,PALS1
SP1,MSMB
SP1,MTF1
SP1,MTMR3
SP1,MTSS1
SP1,MUC1
SP1,MYADM
SP1,NAGK
SP1,UBE2F
SP1,NCOA2
SP1,NDST2
SP1,NFE2L1
SP1,NFKBIA
SP1,NFYC
SP1,NOL4
SP1,NR2F2
SP1,NRAS
SP1,NUBP2
SP1,NXPH3
SP1,OAZ2
SP1,OLIG2
SP1,OSBP
SP1,OSBPL9
SP1,PACS1
SP1,PAK1
SP1,PCF11
SP1,PDE4C
SP1,PDLIM7
SP1,PEX14
SP1,JADE2
SP1,PIAS3
SP1,PI4KB
SP1,PIP4K2B
SP1,PKP3
SP1,PLCD1
SP1,PODN
SP1,PORCN
SP1,POU2F1
SP1,PPFIA2
SP1,PPP2R3A
SP1,PPRC1
SP1,PTCH2
SP1,JMJD6
SP1,RAB10
SP1,CDCA7L
SP1,RANBP10
SP1,RBBP4
SP1,RDH10
SP1,REM1
SP1,RING1
SP1,MEX3B
SP1,RNF24
SP1,ROBO3
SP1,RPL7
SP1,ATXN1
SP1,SEC63
SP1,SELENOF
SP1,SESN2
SP1,SRSF7
SP1,SFXN2
SP1,FBXW4
SP1,SIX4
SP1,SLC2A1
SP1,SLC7A10
SP1,SLITRK4
SP1,SLITRK5
SP1,SMARCA1
SP1,SNCB
SP1,SP4
SP1,SPATA6
SP1,CDC42SE1
SP1,SRR
SP1,SSR4
SP1,STMN1
SP1,SYNCRIP
SP1,TADA3
SP1,TAL1
SP1,TBX2
SP1,TBX5
SP1,TCEAL1
SP1,TCF12
SP1,SERINC2
SP1,TIGD4
SP1,NKX2-1
SP1,TMEFF1
SP1,TPM4
SP1,TPR
SP1,TRPM4
SP1,TSNAXIP1
SP1,UBE2D3
SP1,UNC13B
SP1,UST
SP1,VEGFA
SP1,VGLL2
SP1,VLDLR
SP1,WDFY2
SP1,NSD3
SP1,WNT5A
SP1,ZFP36
SP1,VEZF1
SP1,GGNBP2
SP1,ZNF512
HIF1A,NCAPH2
HIF1A,ABI2
HIF1A,NTMT1
HIF1A,ADK
HIF1A,AGPAT1
HIF1A,AK3
HIF1A,ALDH1A2
HIF1A,AMPD2
HIF1A,AP3M1
HIF1A,TMTC1
HIF1A,BMAL1
HIF1A,ASB3
HIF1A,ATP1B3
HIF1A,LMF2
HIF1A,BCL11A
HIF1A,BCL11B
HIF1A,BCL2
HIF1A,BCL2L11
HIF1A,BCL6
HIF1A,BHLHE41
HIF1A,BMP6
HIF1A,BNIP2
HIF1A,ERLIN1
HIF1A,RTRAF
HIF1A,IRF2BPL
HIF1A,MRTO4
HIF1A,TBC1D20
HIF1A,MGME1
HIF1A,DERL3
HIF1A,ERLEC1
HIF1A,UQCC2
HIF1A,CA9
HIF1A,RUNX1T1
HIF1A,CCND2
HIF1A,AGAP1
HIF1A,GOLT1B
HIF1A,UTP18
HIF1A,CITED2
HIF1A,CLSTN3
HIF1A,COPZ1
HIF1A,COX4I2
HIF1A,TXLNG
HIF1A,DDIT4
HIF1A,DDX4
HIF1A,DERL1
HIF1A,CEP85
HIF1A,DOT1L
HIF1A,DSCAM
HIF1A,DSCAML1
HIF1A,HBEGF
HIF1A,DUSP7
HIF1A,E2F3
HIF1A,TSKU
HIF1A,EED
HIF1A,EIF4G1
HIF1A,ELOVL6
HIF1A,EML1
HIF1A,EN1
HIF1A,ENO1
HIF1A,ENTPD7
HIF1A,EPB41L4B
HIF1A,EPHB3
HIF1A,ERF
HIF1A,ERO1A
HIF1A,ESRRA
HIF1A,FCHSD2
HIF1A,FGF10
HIF1A,FGF11
HIF1A,FGF17
HIF1A,FGF6
HIF1A,FKBP3
HIF1A,YEATS2
HIF1A,MACO1
HIF1A,C11orf71
HIF1A,TET2
HIF1A,QRICH1
HIF1A,TBC1D8B
HIF1A,SRFBP1
HIF1A,BMT2
HIF1A,KICS2
HIF1A,KLHL35
HIF1A,TMEM132E-DT
HIF1A,SHISA6
HIF1A,G6PC3
HIF1A,GBE1
HIF1A,GCSH
HIF1A,GOLGA4
HIF1A,GPM6B
HIF1A,GRIN2A
HIF1A,GYS1
HIF1A,HIF3A
HIF1A,HMGXB4
HIF1A,HMGA1
HIF1A,HMGN2
HIF1A,HNRNPUL1
HIF1A,HOXA7
HIF1A,PRMT1
HIF1A,HYAL2
HIF1A,IGF2BP1
HIF1A,IGF2BP3
HIF1A,ING3
HIF1A,INSM1
HIF1A,IRF2BP1
HIF1A,ITCH
HIF1A,JADE1
HIF1A,KDM3A
HIF1A,KDM4B
HIF1A,JPH1
HIF1A,KCTD15
HIF1A,EMC1
HIF1A,CLUH
HIF1A,ZBTB47
HIF1A,ATOSB
HIF1A,KLHDC3
HIF1A,KTN1
HIF1A,LDHA
HIF1A,P3H3
HIF1A,LHX5
HIF1A,LIG1
HIF1A,TMEM132E
HIF1A,ZNF827
HIF1A,CREBRF
HIF1A,ZNF800
HIF1A,C17orf58
HIF1A,ZSWIM9
HIF1A,ZNF771
HIF1A,CCDC126
HIF1A,TMEM88
HIF1A,FAM114A1
HIF1A,LRP2BP
HIF1A,LRP8
HIF1A,LRRTM1
HIF1A,LTBP1
HIF1A,MAX
HIF1A,MEA1
HIF1A,MEF2C
HIF1A,TLNRD1
HIF1A,PIK3IP1
HIF1A,ZBTB37
HIF1A,AARSD1
HIF1A,MGLL
HIF1A,MICAL2
HIF1A,MID1IP1
HIF1A,KMT2E
HIF1A,MPL
HIF1A,MYLK
HIF1A,NANS
HIF1A,NAV2
HIF1A,NFIL3
HIF1A,NPR3
HIF1A,NR1D1
HIF1A,NR2F2
HIF1A,NRBF2
HIF1A,NRF1
HIF1A,YBX1
HIF1A,NUP98
HIF1A,NXPH1
HIF1A,PABPC1
HIF1A,PDGFB
HIF1A,PDK3
HIF1A,PDP2
HIF1A,PES1
HIF1A,PGK1
HIF1A,PGM3
HIF1A,PHF12
HIF1A,JADE2
HIF1A,POLA1
HIF1A,POLR3E
HIF1A,PPM1E
HIF1A,PPP1R3C
HIF1A,PPRC1
HIF1A,PPT2
HIF1A,PRDM13
HIF1A,PRDX4
HIF1A,PRKAR2A
HIF1A,PSD
HIF1A,PSME3
HIF1A,PTEN
HIF1A,PTPRF
HIF1A,RAB10
HIF1A,RAB33A
HIF1A,RAMP2
HIF1A,RBM7
HIF1A,RCOR2
HIF1A,RECQL
HIF1A,REV1
HIF1A,RFX5
HIF1A,RGS16
HIF1A,RNF5
HIF1A,RPL22
HIF1A,CNOT9
HIF1A,RUNDC1
HIF1A,RUVBL2
HIF1A,RWDD2A
HIF1A,SCAMP2
HIF1A,SCYL1
HIF1A,SRSF1
HIF1A,SRSF5
HIF1A,SRSF6
HIF1A,ST6GAL1
HIF1A,SLC12A4
HIF1A,SLC12A5
HIF1A,SLC26A10P
HIF1A,SLC37A4
HIF1A,SLC6A1
HIF1A,SNCB
HIF1A,SNX12
HIF1A,SNX5
HIF1A,SORCS3
HIF1A,SOX14
HIF1A,SOX2
HIF1A,SPOP
HIF1A,STC1
HIF1A,TSSK3
HIF1A,STMN1
HIF1A,TEF
HIF1A,TFRC
HIF1A,TIAL1
HIF1A,KLF11
HIF1A,TLL1
HIF1A,CNPY3
HIF1A,TRIM3
HIF1A,TRIM33
HIF1A,TRPC4AP
HIF1A,UBA1
HIF1A,UBXN10
HIF1A,USF2
HIF1A,USP37
HIF1A,VEGFA
HIF1A,XPNPEP1
HIF1A,XRN2
HIF1A,ZBTB10
HIF1A,ZIC2
HIF1A,PATZ1
HIF1A,IKZF2
HIF1A,ZZZ3
